id,Title,Permalink,"Image Featured","Image URL","Image Filename","Image Path","Image ID","Image Title","Image Caption","Image Description","Image Alt Text","Author Username",Date
1905,"Imperial Mailbox Systems' Website Gets a FaceLift",https://imperialmailboxsystems.com/imperial-mailbox-systems-website-gets-a-facelift/,https://imperialmailboxsystems.com/wp-content/uploads/2016/07/order_image_laptop2.jpg,https://imperialmailboxsystems.com/wp-content/uploads/2016/07/order_image_laptop2.jpg,order_image_laptop2.jpg,/home/ik4rbsudo92w/public_html/wp-content/uploads/2016/07/order_image_laptop2.jpg,2256,order_image_laptop2,,,,cleetus,2016-05-20
1907,"Quality is worth the price.",https://imperialmailboxsystems.com/quality-is-worth-the-price/,https://imperialmailboxsystems.com/wp-content/uploads/2016/06/Lamp_post_slider_3.jpg,https://imperialmailboxsystems.com/wp-content/uploads/2016/06/Lamp_post_slider_3.jpg,Lamp_post_slider_3.jpg,/home/ik4rbsudo92w/public_html/wp-content/uploads/2016/06/Lamp_post_slider_3.jpg,2407,Lamp_post_slider_3,,,,cleetus,2016-05-20
1909,"Standardize Your Planned Development with Imperial",https://imperialmailboxsystems.com/standardize-your-planned-development-with-imperial/,https://imperialmailboxsystems.com/wp-content/uploads/2015/04/Mailbox_slider-1.jpg,https://imperialmailboxsystems.com/wp-content/uploads/2015/04/Mailbox_slider-1.jpg,Mailbox_slider-1.jpg,/home/ik4rbsudo92w/public_html/wp-content/uploads/2015/04/Mailbox_slider-1.jpg,1959,Mailbox_slider,,,,cleetus,2016-05-20
2782,"The NEW Catalog is here!",https://imperialmailboxsystems.com/the-new-catalog-is-here/,https://imperialmailboxsystems.com/wp-content/uploads/2017/07/catalog_hand.jpg,https://imperialmailboxsystems.com/wp-content/uploads/2017/07/catalog_hand.jpg|https://imperialmailboxsystems.com/wp-content/uploads/2017/07/catalog_open_mockup.jpg,catalog_hand.jpg|catalog_open_mockup.jpg,/home/ik4rbsudo92w/public_html/wp-content/uploads/2017/07/catalog_hand.jpg|/home/ik4rbsudo92w/public_html/wp-content/uploads/2017/07/catalog_open_mockup.jpg,2785|3158,catalog_hand|catalog_open_mockup,|,|,|,cleetus,2017-07-10
6431,"Barcelona Mailbox System",https://imperialmailboxsystems.com/barcelona-mailbox-system/,https://imperialmailboxsystems.com/wp-content/uploads/2018/06/barcelona_featured_image.jpg,https://imperialmailboxsystems.com/wp-content/uploads/2018/06/barcelona_featured_image.jpg|https://imperialmailboxsystems.com/wp-content/uploads/2018/06/barcelona_image_01.jpg,barcelona_featured_image.jpg|barcelona_image_01.jpg,/home/ik4rbsudo92w/public_html/wp-content/uploads/2018/06/barcelona_featured_image.jpg|/home/ik4rbsudo92w/public_html/wp-content/uploads/2018/06/barcelona_image_01.jpg,6434|6436,barcelona_featured_image|barcelona_image_01,|,|,|,jonathon,2018-06-25
6441,"Americana Mailbox System",https://imperialmailboxsystems.com/americana-mailbox-system/,https://imperialmailboxsystems.com/wp-content/uploads/2018/06/americana_featured_image.jpg,https://imperialmailboxsystems.com/wp-content/uploads/2018/06/americana_featured_image.jpg|https://imperialmailboxsystems.com/wp-content/uploads/2018/06/americana_image_01.jpg,americana_featured_image.jpg|americana_image_01.jpg,/home/ik4rbsudo92w/public_html/wp-content/uploads/2018/06/americana_featured_image.jpg|/home/ik4rbsudo92w/public_html/wp-content/uploads/2018/06/americana_image_01.jpg,6443|6447,americana_featured_image|americana_image_01,|,|,|,jonathon,2018-06-25
6449,"Bring Your Mailbox Back to Life!",https://imperialmailboxsystems.com/bring-your-mailbox-back-to-life/,https://imperialmailboxsystems.com/wp-content/uploads/2018/06/mailbox_life_featured_image.jpg,https://imperialmailboxsystems.com/wp-content/uploads/2018/06/mailbox_life_featured_image.jpg|https://imperialmailboxsystems.com/wp-content/uploads/2018/06/bring_mailbox_to_life_image_01.jpg|https://imperialmailboxsystems.com/wp-content/uploads/2018/06/touchup_paint.jpg|https://imperialmailboxsystems.com/wp-content/uploads/2018/06/replacement_numbers.jpg,mailbox_life_featured_image.jpg|bring_mailbox_to_life_image_01.jpg|touchup_paint.jpg|replacement_numbers.jpg,/home/ik4rbsudo92w/public_html/wp-content/uploads/2018/06/mailbox_life_featured_image.jpg|/home/ik4rbsudo92w/public_html/wp-content/uploads/2018/06/bring_mailbox_to_life_image_01.jpg|/home/ik4rbsudo92w/public_html/wp-content/uploads/2018/06/touchup_paint.jpg|/home/ik4rbsudo92w/public_html/wp-content/uploads/2018/06/replacement_numbers.jpg,6460|6452|6455|6456,mailbox_life_featured_image|bring_mailbox_to_life_image_01|touchup_paint|replacement_numbers,|||,|||,|||,jonathon,2018-06-25
6470,"Mailbox Profile:  311K",https://imperialmailboxsystems.com/mailbox-profile-311k/,https://imperialmailboxsystems.com/wp-content/uploads/2018/06/311K_featured_image.jpg,https://imperialmailboxsystems.com/wp-content/uploads/2018/06/311K_featured_image.jpg|https://imperialmailboxsystems.com/wp-content/uploads/2018/08/311K_image_01.jpg,311K_featured_image.jpg|311K_image_01.jpg,/home/ik4rbsudo92w/public_html/wp-content/uploads/2018/06/311K_featured_image.jpg|/home/ik4rbsudo92w/public_html/wp-content/uploads/2018/08/311K_image_01.jpg,6474|6531,311K_featured_image|311K_image_01,|,|,|,jonathon,2018-08-02
12255,"Introducing Imperial's NEW Web Store",https://imperialmailboxsystems.com/introducing-imperials-new-web-store/,https://imperialmailboxsystems.com/wp-content/uploads/2019/08/webstore_featured_image.jpg,https://imperialmailboxsystems.com/wp-content/uploads/2019/08/webstore_featured_image.jpg|https://imperialmailboxsystems.com/wp-content/uploads/2019/08/imperial_webstore_macbook.jpg|https://imperialmailboxsystems.com/wp-content/uploads/2019/08/imperial_webstore_macbook_2.jpg|https://imperialmailboxsystems.com/wp-content/uploads/2019/08/builder_image_01.jpg|https://imperialmailboxsystems.com/wp-content/uploads/2019/08/dealer_page_image.jpg,webstore_featured_image.jpg|imperial_webstore_macbook.jpg|imperial_webstore_macbook_2.jpg|builder_image_01.jpg|dealer_page_image.jpg,/home/ik4rbsudo92w/public_html/wp-content/uploads/2019/08/webstore_featured_image.jpg|/home/ik4rbsudo92w/public_html/wp-content/uploads/2019/08/imperial_webstore_macbook.jpg|/home/ik4rbsudo92w/public_html/wp-content/uploads/2019/08/imperial_webstore_macbook_2.jpg|/home/ik4rbsudo92w/public_html/wp-content/uploads/2019/08/builder_image_01.jpg|/home/ik4rbsudo92w/public_html/wp-content/uploads/2019/08/dealer_page_image.jpg,12277|12260|12262|12271|12274,webstore_featured_image|imperial_webstore_macbook|imperial_webstore_macbook_2|builder_image_01|dealer_page_image,||||,||||,||||,jonathon,2019-08-07
12543,"NP-7: NEW Number Plate!",https://imperialmailboxsystems.com/np-7-new-number-plate/,https://imperialmailboxsystems.com/wp-content/uploads/2019/10/NP-7_featured_image.jpg,https://imperialmailboxsystems.com/wp-content/uploads/2019/10/NP-7_featured_image.jpg|https://imperialmailboxsystems.com/wp-content/uploads/2019/10/NP-7_full_system_photo.png|https://imperialmailboxsystems.com/wp-content/uploads/2019/10/NP-7_gallery_image_01.jpg,NP-7_featured_image.jpg|NP-7_full_system_photo.png|NP-7_gallery_image_01.jpg,/home/ik4rbsudo92w/public_html/wp-content/uploads/2019/10/NP-7_featured_image.jpg|/home/ik4rbsudo92w/public_html/wp-content/uploads/2019/10/NP-7_full_system_photo.png|/home/ik4rbsudo92w/public_html/wp-content/uploads/2019/10/NP-7_gallery_image_01.jpg,12545|12548|12552,NP-7_featured_image|NP-7_full_system_photo|NP-7_gallery_image_01,||,||,||,jonathon,2019-10-16
17638,"Why You Should Buy From Imperial Mailbox Systems",https://imperialmailboxsystems.com/why-you-should-buy-from-imperial-mailbox-systems/,,,,,,,,,,searchaltyics,2023-05-24
17643,"Build Your Own Mailbox vs. Ready-to-Install Mailboxes: Making the Right Choice",https://imperialmailboxsystems.com/?p=17643,,,,,,,,,,searchaltyics,1970-01-01
18039,"What is the required height of a mailbox?",https://imperialmailboxsystems.com/required-height-of-a-mailbox/,https://imperialmailboxsystems.com/wp-content/uploads/2023/05/IMG_2710-scaled.jpeg,https://imperialmailboxsystems.com/wp-content/uploads/2023/05/IMG_2710-scaled.jpeg,IMG_2710-scaled.jpeg,/home/ik4rbsudo92w/public_html/wp-content/uploads/2023/05/IMG_2710-scaled.jpeg,17440,IMG_2710,,,,searchaltyics,2023-06-13
18044,"Types of Residential Mailboxes",https://imperialmailboxsystems.com/types-of-residential-mailboxes/,,,,,,,,,,searchaltyics,2023-06-13
